start,end,entity,health
1499292816136,1499292821936,1,B
1499292849936,1499292855616,1,A
1499292883616,1499292889626,1,B
1499292917626,1499292923346,1,A
1499292951346,1499292957286,1,B
1499292985286,1499292991146,1,B
1499293019146,1499293025056,1,B
1499293053056,1499293058916,1,B
1499293086916,1499293092646,1,A
1499293120646,1499293126476,1,B
1499293154476,1499293160706,1,B
1499293188706,1499293194436,1,A
1499293222436,1499293228176,1,A
1499293256176,1499293261986,1,A
1499293289986,1499293295666,1,A
1499293323666,1499293329496,1,A
1499293357496,1499293363386,1,B
1499293391386,1499293397056,1,A
1499293425056,1499293430846,1,B
1499293458846,1499293464546,1,A
1499293492546,1499293498286,1,A
1499293526286,1499293531896,1,A
1499293559896,1499293565766,1,B
1499293593766,1499293599506,1,A
1499293627506,1499293633276,1,B
1499293661276,1499293666966,1,A
1499293694966,1499293700776,1,A
1499293728776,1499293734866,1,B
1499293762866,1499293768756,1,B
1499293796756,1499293802486,1,A
1499293830486,1499293836716,1,B
1499293864716,1499293870686,1,B
1499293898686,1499293904626,1,B
1499293932626,1499293938346,1,A
1499293966346,1499293972156,1,B
1499294000156,1499294005966,1,B
1499294033966,1499294039646,1,A
1499294067646,1499294073506,1,B
1499294101506,1499294107376,1,B
1499294135376,1499294141266,1,B
1499294169266,1499294175226,1,B
1499294203226,1499294209036,1,A
1499294237036,1499294242766,1,A
1499294270766,1499294276526,1,A
1499294304526,1499294310486,1,B
1499294338486,1499294344286,1,A
1499294372286,1499294378106,1,B
1499294406106,1499294411966,1,A
1499294439966,1499294445686,1,A
1499294473686,1499294479356,1,A
1499294507356,1499294513106,1,A
1499294541106,1499294546996,1,B
1499294574996,1499294580696,1,A
1499294608696,1499294614526,1,A
1499294642526,1499294648246,1,B
1499294676246,1499294681936,1,A
1499294709936,1499294715676,1,A
1499294743676,1499294749376,1,A
1499294777376,1499294783126,1,A
1499294811126,1499294816816,1,A
1499294844816,1499294850746,1,B
1499294878746,1499294884526,1,B
1499294912526,1499294918276,1,B
1499294946276,1499294952156,1,B
1499294980156,1499294985826,1,A
1499295013826,1499295019526,1,A
1499295047526,1499295059346,1,C
1499295087346,1499295093056,1,A
1499295121056,1499295126956,1,B
1499295154956,1499295160636,1,A
1499295188636,1499295194436,1,A
1499295222436,1499295228216,1,A
1499295256216,1499295262276,1,B
1499295290276,1499295295976,1,A
1499295323976,1499295329826,1,B
1499295357826,1499295363616,1,A
1499295391616,1499295403446,1,C
1499295431446,1499295453096,1,C
1499295481096,1499295486766,1,A
1499295514766,1499295520566,1,B
1499295548566,1499295554476,1,B
1499295582476,1499295588356,1,B
1499295616356,1499295622356,1,B
1499295650356,1499295656076,1,A
1499295684076,1499295689856,1,A
1499295717856,1499295723716,1,C
1499295751716,1499295757786,1,B
1499295785786,1499295791396,1,A
1499295819396,1499295831216,1,C
1499295859216,1499295865276,1,B
1499295893276,1499295899026,1,A
1499295927026,1499295938846,1,C
1499295966846,1499295972576,1,A
1499296000576,1499296006366,1,A
1499296034366,1499296040186,1,B
1499296068186,1499296073856,1,A
1499296101856,1499296113676,1,C
1499296141676,1499296147456,1,B
1499296175456,1499296181376,1,B
1499296209376,1499296221196,1,C
1499296249196,1499296254896,1,A
1499296282896,1499296288616,1,A
1499296316616,1499296322366,1,A
1499296350366,1499296355976,1,A
1499296383976,1499296389846,1,B
1499296417846,1499296429666,1,C
1499296457666,1499296463436,1,A
1499296491436,1499296503256,1,C
1499296531256,1499296537066,1,B
1499296565066,1499296570926,1,C
1499296598926,1499296604796,1,B
1499296632796,1499296644626,1,C
1499296672626,1499296678516,1,B
1499296706516,1499296712196,1,A
1499296740196,1499296745936,1,A
1499296773936,1499296779786,1,A
1499296807786,1499296813456,1,A
1499296841456,1499296847206,1,A
1499296875206,1499296880886,1,A
1499296908886,1499296914566,1,A
1499296942566,1499296954386,1,C
1499296982386,1499296988356,1,B
1499297016356,1499297022196,1,B
1499297050196,1499297055936,1,A
1499297083936,1499297089696,1,A
1499297117696,1499297123386,1,A
1499297151386,1499297156996,1,A
1499297184996,1499297190706,1,A
1499297218706,1499297230536,1,C
1499297258536,1499297264236,1,A
1499297292236,1499297298046,1,B
1499297326046,1499297331916,1,B
1499297359916,1499297365526,1,A
1499297393526,1499297399636,1,B
1499297427636,1499297439466,1,C
1499297467466,1499297473106,1,A
1499297501106,1499297512926,1,C
1499297540926,1499297546826,1,B
1499297574826,1499297580546,1,A
1499297608546,1499297614356,1,A
1499297642356,1499297648126,1,A
1499297676126,1499297681866,1,A
1499297709866,1499297715566,1,A
1499297743566,1499297749446,1,B
1499297777446,1499297783146,1,A
1499297811146,1499297816966,1,B
1499297844966,1499297850716,1,B
1499297878716,1499297890546,1,C
1499297918546,1499297924386,1,A
1499297952386,1499297958126,1,B
1499297986126,1499297992146,1,B
1499298020146,1499298025866,1,B
1499298053866,1499298059736,1,A
1499298087736,1499298093556,1,B
1499298121556,1499298127256,1,A
1499298155256,1499298160956,1,A
1499298188956,1499298194646,1,A
1499298222646,1499298228376,1,A
1499298256376,1499298262296,1,B
1499298290296,1499298295996,1,A
1499298323996,1499298329766,1,A
1499298357766,1499298363486,1,A
1499298391486,1499298397236,1,A
1499298425236,1499298431296,1,B
1499298459296,1499298465216,1,B
1499298493216,1499298498996,1,A
1499298526996,1499298532716,1,A
1499298560716,1499298566576,1,B
1499298594576,1499298600326,1,A
1499298628326,1499298634016,1,A
1499298662016,1499298667836,1,B
1499298695836,1499298701586,1,A
1499298729586,1499298751236,1,C
1499298779236,1499298791056,1,C
1499298819056,1499298824956,1,B
1499298852956,1499298858766,1,B
1499298886766,1499298892566,1,B
1499298920566,1499298926316,1,A
1499298954316,1499298960306,1,B
1499298988306,1499299009956,1,C
1499299037956,1499299043966,1,B
1499299071966,1499299083796,1,C
1499299111796,1499299117506,1,A
1499299145506,1499299151396,1,B
1499299179396,1499299185126,1,A
1499299213126,1499299218836,1,A
1499299246836,1499299258656,1,C
1499299286656,1499299292406,1,A
1499299320406,1499299326136,1,A
1499299354136,1499299360206,1,B
1499299388206,1499299393986,1,B
1499299421986,1499299427866,1,B
1499299455866,1499299467686,1,C
1499299495686,1499299501516,1,B
1499299529516,1499299535456,1,B
1499299563456,1499299569206,1,A
1499299597206,1499299603056,1,B
1499299631056,1499299636866,1,B
1499299664866,1499299670656,1,A
1499299698656,1499299704486,1,A
1499299732486,1499299738176,1,A
1499299766176,1499299771896,1,A
1499299799896,1499299821546,1,C
1499299849546,1499299855216,1,A
1499299883216,1499299889076,1,A
1499299917076,1499299928896,1,C
1499299956896,1499299978546,1,C
1499300006546,1499300012606,1,B
1499300040606,1499300046466,1,A
1499300074466,1499300080176,1,A
1499300108176,1499300114236,1,B
1499300142236,1499300148056,1,B
1499300176056,1499300181736,1,A
1499300209736,1499300215396,1,A
1499300243396,1499300249216,1,B
1499300277216,1499300282916,1,A
1499300310916,1499300316636,1,A
1499300344636,1499300350646,1,B
1499300378646,1499300384506,1,B
1499300412506,1499300418336,1,B
1499300446336,1499300458166,1,C
1499300486166,1499300497996,1,C
1499300525996,1499300531746,1,A
1499300559746,1499300565806,1,B
1499300593806,1499300599496,1,A
1499300627496,1499300633296,1,B
1499300661296,1499300667126,1,B
1499300695126,1499300701086,1,B
1499300729086,1499300734866,1,A
1499300762866,1499300768616,1,A
1499300796616,1499300802366,1,A
1499300830366,1499300836036,1,A
1499300864036,1499300869906,1,B
1499300897906,1499300903686,1,A
1499300931686,1499300937496,1,A
1499300965496,1499300971216,1,A
1499300999216,1499301004956,1,B
1499301032956,1499301038866,1,B
1499301066866,1499301072676,1,A
1499301100676,1499301106616,1,B
1499301134616,1499301140686,1,B
1499301168686,1499301174386,1,A
1499301202386,1499301208246,1,B
1499301236246,1499301242316,1,B
1499301270316,1499301276066,1,B
1499301304066,1499301309766,1,A
1499301337766,1499301343756,1,B
1499301371756,1499301377616,1,C
1499301405616,1499301411306,1,A
1499301439306,1499301445266,1,B
1499301473266,1499301478976,1,A
1499301506976,1499301512636,1,A
1499301540636,1499301546516,1,B
1499301574516,1499301580316,1,A
1499301608316,1499301614226,1,B
1499301642226,1499301647926,1,A
1499301675926,1499301681636,1,A
1499301709636,1499301715446,1,B
1499301743446,1499301749196,1,A
1499301777196,1499301783026,1,A
1499301811026,1499301816456,1,B
1499301844456,1499301850236,1,A
1499301878236,1499301884196,1,B
1499301912196,1499301918056,1,B
1499301946056,1499301951876,1,A
1499301979876,1499301985646,1,B
1499302013646,1499302019506,1,B
1499302047506,1499302053206,1,A
1499302081206,1499302087076,1,B
1499302115076,1499302120936,1,B
1499302148936,1499302154636,1,A
1499302182636,1499302188656,1,B
1499302216656,1499302222546,1,B
1499302250546,1499302256366,1,A
1499302284366,1499302290266,1,B
1499302318266,1499302324086,1,A
1499302352086,1499302357756,1,A
1499302385756,1499302391526,1,A
1499302419526,1499302431346,1,C
1499302459346,1499302465136,1,A
1499302493136,1499302498986,1,B
1499302526986,1499302532816,1,B
1499302560816,1499302566246,1,B
1499302594246,1499302599986,1,A
1499302627986,1499302633676,1,A
1499302661676,1499302667376,1,A
1499302695376,1499302701116,1,B
1499302729116,1499302734816,1,A
1499302762816,1499302768626,1,B
1499302796626,1499302802486,1,B
1499302830486,1499302836316,1,A
1499302864316,1499302870066,1,B
1499302898066,1499302903876,1,A
1499302931876,1499302937556,1,A
1499302965556,1499302971476,1,B
1499302999476,1499303005286,1,A
1499303033286,1499303039066,1,A
1499303067066,1499303072886,1,A
1499303100886,1499303106616,1,A
1499303134616,1499303140286,1,A
1499292816136,1499292821746,2,A
1499292849746,1499292855576,2,A
1499292883576,1499292889446,2,B
1499292917446,1499292923506,2,B
1499292951506,1499292957296,2,A
1499292985296,1499292990976,2,A
1499293018976,1499293030796,2,C
1499293058796,1499293064636,2,B
1499293092636,1499293098446,2,A
1499293126446,1499293132306,2,A
1499293160306,1499293166246,2,B
1499293194246,1499293200006,2,A
1499293228006,1499293233936,2,B
1499293261936,1499293273766,2,C
1499293301766,1499293307566,2,B
1499293335566,1499293341366,2,A
1499293369366,1499293375006,2,A
1499293403006,1499293408836,2,B
1499293436836,1499293442456,2,A
1499293470456,1499293476156,2,A
1499293504156,1499293509876,2,A
1499293537876,1499293543716,2,A
1499293571716,1499293577536,2,A
1499293605536,1499293611246,2,A
1499293639246,1499293644936,2,A
1499293672936,1499293678806,2,A
1499293706806,1499293712616,2,A
1499293740616,1499293746406,2,B
1499293774406,1499293780186,2,A
1499293808186,1499293813956,2,B
1499293841956,1499293847686,2,A
1499293875686,1499293881416,2,A
1499293909416,1499293915246,2,B
1499293943246,1499293949056,2,A
1499293977056,1499293982666,2,A
1499294010666,1499294016406,2,A
1499294044406,1499294050136,2,A
1499294078136,1499294083836,2,A
1499294111836,1499294117906,2,B
1499294145906,1499294151566,2,A
1499294179566,1499294185316,2,A
1499294213316,1499294225136,2,C
1499294253136,1499294258966,2,B
1499294286966,1499294292726,2,A
1499294320726,1499294326476,2,A
1499294354476,1499294360166,2,A
1499294388166,1499294399986,2,C
1499294427986,1499294433736,2,A
1499294461736,1499294467566,2,A
1499294495566,1499294501396,2,B
1499294529396,1499294541216,2,C
1499294569216,1499294575026,2,A
1499294603026,1499294608836,2,A
1499294636836,1499294642536,2,A
1499294670536,1499294676336,2,A
1499294704336,1499294710066,2,A
1499294738066,1499294743766,2,A
1499294771766,1499294777476,2,A
1499294805476,1499294811416,2,B
1499294839416,1499294851236,2,C
1499294879236,1499294885256,2,B
1499294913256,1499294919096,2,A
1499294947096,1499294952906,2,A
1499294980906,1499294992736,2,C
1499295020736,1499295026436,2,A
1499295054436,1499295066256,2,C
1499295094256,1499295099916,2,A
1499295127916,1499295133736,2,B
1499295161736,1499295173566,2,C
1499295201566,1499295207436,2,A
1499295235436,1499295241426,2,B
1499295269426,1499295275116,2,A
1499295303116,1499295308856,2,A
1499295336856,1499295342566,2,A
1499295370566,1499295376376,2,A
1499295404376,1499295410206,2,B
1499295438206,1499295443946,2,A
1499295471946,1499295477656,2,A
1499295505656,1499295511516,2,B
1499295539516,1499295545376,2,A
1499295573376,1499295579126,2,A
1499295607126,1499295613006,2,B
1499295641006,1499295652826,2,C
1499295680826,1499295686536,2,A
1499295714536,1499295720346,2,A
1499295748346,1499295754256,2,B
1499295782256,1499295788046,2,A
1499295816046,1499295822086,2,B
1499295850086,1499295855756,2,A
1499295883756,1499295895576,2,C
1499295923576,1499295929286,2,A
1499295957286,1499295963146,2,B
1499295991146,1499295997046,2,B
1499296025046,1499296030476,2,B
1499296058476,1499296064166,2,A
1499296092166,1499296097826,2,A
1499296125826,1499296131586,2,A
1499296159586,1499296165456,2,A
1499296193456,1499296199146,2,A
1499296227146,1499296233016,2,B
1499296261016,1499296266876,2,B
1499296294876,1499296300676,2,B
1499296328676,1499296334426,2,A
1499296362426,1499296374256,2,C
1499296402256,1499296407976,2,A
1499296435976,1499296441726,2,A
1499296469726,1499296475716,2,B
1499296503716,1499296509576,2,A
1499296537576,1499296543266,2,A
1499296571266,1499296577096,2,A
1499296605096,1499296610986,2,B
1499296638986,1499296644766,2,A
1499296672766,1499296678486,2,A
1499296706486,1499296712366,2,B
1499296740366,1499296746076,2,A
1499296774076,1499296785896,2,C
1499296813896,1499296819756,2,B
1499296847756,1499296853596,2,B
1499296881596,1499296887426,2,A
1499296915426,1499296921186,2,A
1499296949186,1499296955106,2,B
1499296983106,1499296988856,2,B
1499297016856,1499297022716,2,C
1499297050716,1499297056466,2,A
1499297084466,1499297090196,2,A
1499297118196,1499297130016,2,C
1499297158016,1499297163876,2,B
1499297191876,1499297197606,2,A
1499297225606,1499297231386,2,A
1499297259386,1499297264996,2,A
1499297292996,1499297304816,2,C
1499297332816,1499297338556,2,A
1499297366556,1499297372226,2,A
1499297400226,1499297406086,2,C
1499297434086,1499297439866,2,A
1499297467866,1499297473696,2,B
1499297501696,1499297507636,2,B
1499297535636,1499297547466,2,C
1499297575466,1499297581246,2,A
1499297609246,1499297615246,2,B
1499297643246,1499297648916,2,A
1499297676916,1499297682806,2,B
1499297710806,1499297716706,2,B
1499297744706,1499297750586,2,B
1499297778586,1499297784386,2,B
1499297812386,1499297818296,2,B
1499297846296,1499297852286,2,B
1499297880286,1499297886026,2,A
1499297914026,1499297920036,2,B
1499297948036,1499297959856,2,C
1499297987856,1499297999686,2,C
1499298027686,1499298033566,2,B
1499298061566,1499298073386,2,C
1499298101386,1499298113216,2,C
1499298141216,1499298146886,2,A
1499298174886,1499298186706,2,C
1499298214706,1499298220536,2,B
1499298248536,1499298254256,2,A
1499298282256,1499298287686,2,B
1499298315686,1499298321346,2,A
1499298349346,1499298355246,2,B
1499298383246,1499298389096,2,B
1499298417096,1499298423056,2,B
1499298451056,1499298462886,2,C
1499298490886,1499298496586,2,A
1499298524586,1499298530676,2,B
1499298558676,1499298570496,2,C
1499298598496,1499298610326,2,C
1499298638326,1499298644386,2,B
1499298672386,1499298678146,2,A
1499298706146,1499298711816,2,A
1499298739816,1499298745556,2,A
1499298773556,1499298779326,2,A
1499298807326,1499298813186,2,B
1499298841186,1499298847116,2,B
1499298875116,1499298886946,2,C
1499298914946,1499298920806,2,A
1499298948806,1499298960626,2,C
1499298988626,1499298994346,2,A
1499299022346,1499299028236,2,B
1499299056236,1499299062176,2,B
1499299090176,1499299095996,2,B
1499299123996,1499299129936,2,B
1499299157936,1499299163696,2,A
1499299191696,1499299197736,2,B
1499299225736,1499299231456,2,B
1499299259456,1499299265316,2,A
1499299293316,1499299299106,2,B
1499299327106,1499299332866,2,A
1499299360866,1499299372696,2,C
1499299400696,1499299412526,2,C
1499299440526,1499299446226,2,A
1499299474226,1499299480186,2,B
1499299508186,1499299514086,2,B
1499299542086,1499299547826,2,A
1499299575826,1499299581606,2,B
1499299609606,1499299615366,2,B
1499299643366,1499299649176,2,A
1499299677176,1499299682946,2,A
1499299710946,1499299716956,2,B
1499299744956,1499299750706,2,A
1499299778706,1499299784516,2,B
1499299812516,1499299818136,2,A
1499299846136,1499299851946,2,A
1499299879946,1499299885616,2,A
1499299913616,1499299919686,2,B
1499299947686,1499299953356,2,A
1499299981356,1499299987066,2,A
1499300015066,1499300020706,2,A
1499300048706,1499300054626,2,B
1499300082626,1499300088516,2,B
1499300116516,1499300122216,2,A
1499300150216,1499300156016,2,B
1499300184016,1499300189776,2,A
1499300217776,1499300223446,2,A
1499300251446,1499300257316,2,B
1499300285316,1499300290976,2,A
1499300318976,1499300324996,2,B
1499300352996,1499300358856,2,A
1499300386856,1499300392566,2,A
1499300420566,1499300426426,2,B
1499300454426,1499300460166,2,B
1499300488166,1499300493966,2,B
1499300521966,1499300527976,2,B
1499300555976,1499300561786,2,B
1499300589786,1499300595496,2,A
1499300623496,1499300629256,2,B
1499300657256,1499300663056,2,A
1499300691056,1499300696836,2,B
1499300724836,1499300730446,2,A
1499300758446,1499300764166,2,A
1499300792166,1499300797986,2,B
1499300825986,1499300831716,2,A
1499300859716,1499300865576,2,A
1499300893576,1499300899266,2,A
1499300927266,1499300933156,2,B
1499300961156,1499300966956,2,B
1499300994956,1499301000756,2,B
1499301028756,1499301034566,2,A
1499301062566,1499301068526,2,B
1499301096526,1499301102266,2,A
1499301130266,1499301136086,2,B
1499301164086,1499301169696,2,A
1499301197696,1499301203396,2,A
1499301231396,1499301237456,2,B
1499301265456,1499301271206,2,A
1499301299206,1499301304946,2,A
1499301332946,1499301338626,2,A
1499301366626,1499301372316,2,A
1499301400316,1499301406146,2,A
1499301434146,1499301439976,2,B
1499301467976,1499301473746,2,B
1499301501746,1499301507686,2,B
1499301535686,1499301541446,2,B
1499301569446,1499301575226,2,B
1499301603226,1499301609016,2,A
1499301637016,1499301642676,2,A
1499301670676,1499301676456,2,A
1499301704456,1499301710226,2,A
1499301738226,1499301744286,2,B
1499301772286,1499301778076,2,B
1499301806076,1499301811506,2,B
1499301839506,1499301845576,2,B
1499301873576,1499301879386,2,A
1499301907386,1499301913046,2,A
1499301941046,1499301946876,2,B
1499301974876,1499301980706,2,A
1499302008706,1499302014526,2,A
1499302042526,1499302048356,2,B
1499302076356,1499302082176,2,A
1499302110176,1499302115896,2,A
1499302143896,1499302149686,2,A
1499302177686,1499302183496,2,A
1499302211496,1499302217156,2,A
1499302245156,1499302250816,2,A
1499302278816,1499302284686,2,B
1499302312686,1499302318386,2,A
1499302346386,1499302352216,2,B
1499302380216,1499302386176,2,B
1499302414176,1499302419986,2,B
1499302447986,1499302453736,2,A
1499302481736,1499302487656,2,B
1499302515656,1499302521486,2,A
1499302549486,1499302555446,2,B
1499302583446,1499302589116,2,A
1499302617116,1499302622986,2,A
1499302650986,1499302656776,2,B
1499302684776,1499302690836,2,B
1499302718836,1499302724666,2,B
1499302752666,1499302758656,2,B
1499302786656,1499302792516,2,B
1499302820516,1499302826316,2,B
1499302854316,1499302860126,2,B
1499302888126,1499302894016,2,B
1499302922016,1499302927886,2,B
1499302955886,1499302961686,2,B
1499302989686,1499302995526,2,B
1499303023526,1499303029386,2,B
1499303057386,1499303063196,2,B
1499303091196,1499303097006,2,B
1499292816136,1499292821956,3,A
1499292849956,1499292855626,3,A
1499292883626,1499292889446,3,A
1499292917446,1499292923246,3,B
1499292951246,1499292957146,3,B
1499292985146,1499292990926,3,A
1499293018926,1499293024816,3,B
1499293052816,1499293058246,3,B
1499293086246,1499293092076,3,A
1499293120076,1499293125816,3,A
1499293153816,1499293159576,3,A
1499293187576,1499293193366,3,A
1499293221366,1499293227226,3,B
1499293255226,1499293261096,3,B
1499293289096,1499293300926,3,C
1499293328926,1499293334796,3,B
1499293362796,1499293368666,3,B
1499293396666,1499293402486,3,B
1499293430486,1499293436286,3,A
1499293464286,1499293470056,3,B
1499293498056,1499293503736,3,A
1499293531736,1499293537596,3,C
1499293565596,1499293577416,3,C
1499293605416,1499293617236,3,C
1499293645236,1499293650926,3,A
1499293678926,1499293684756,3,A
1499293712756,1499293718666,3,B
1499293746666,1499293752476,3,B
1499293780476,1499293786286,3,B
1499293814286,1499293819946,3,A
1499293847946,1499293853736,3,A
1499293881736,1499293887596,3,A
1499293915596,1499293927416,3,C
1499293955416,1499293961386,3,B
1499293989386,1499293995056,3,A
1499294023056,1499294034886,3,C
1499294062886,1499294068896,3,B
1499294096896,1499294102566,3,A
1499294130566,1499294136286,3,A
1499294164286,1499294176106,3,C
1499294204106,1499294209926,3,A
1499294237926,1499294243586,3,A
1499294271586,1499294277416,3,B
1499294305416,1499294311206,3,A
1499294339206,1499294351036,3,C
1499294379036,1499294384726,3,A
1499294412726,1499294418466,3,B
1499294446466,1499294452256,3,A
1499294480256,1499294486006,3,A
1499294514006,1499294519866,3,A
1499294547866,1499294553666,3,B
1499294581666,1499294587586,3,B
1499294615586,1499294621226,3,A
1499294649226,1499294654976,3,B
1499294682976,1499294688586,3,A
1499294716586,1499294722606,3,B
1499294750606,1499294756406,3,A
1499294784406,1499294790216,3,B
1499294818216,1499294824026,3,A
1499294852026,1499294857736,3,A
1499294885736,1499294891596,3,B
1499294919596,1499294925456,3,B
1499294953456,1499294959186,3,A
1499294987186,1499294993046,3,B
1499295021046,1499295026706,3,A
1499295054706,1499295066526,3,C
1499295094526,1499295100186,3,A
1499295128186,1499295133896,3,A
1499295161896,1499295167756,3,A
1499295195756,1499295207586,3,C
1499295235586,1499295241266,3,A
1499295269266,1499295274986,3,A
1499295302986,1499295308696,3,A
1499295336696,1499295342486,3,A
1499295370486,1499295376336,3,B
1499295404336,1499295409766,3,B
1499295437766,1499295443626,3,B
1499295471626,1499295477396,3,A
1499295505396,1499295511266,3,B
1499295539266,1499295544966,3,A
1499295572966,1499295578886,3,B
1499295606886,1499295612776,3,B
1499295640776,1499295646456,3,A
1499295674456,1499295680186,3,A
1499295708186,1499295713846,3,A
1499295741846,1499295747846,3,B
1499295775846,1499295781636,3,A
1499295809636,1499295815506,3,A
1499295843506,1499295849256,3,A
1499295877256,1499295882956,3,A
1499295910956,1499295916776,3,B
1499295944776,1499295950596,3,B
1499295978596,1499295990416,3,C
1499296018416,1499296024186,3,A
1499296052186,1499296057866,3,A
1499296085866,1499296091526,3,A
1499296119526,1499296125586,3,B
1499296153586,1499296159496,3,B
1499296187496,1499296193186,3,A
1499296221186,1499296227046,3,A
1499296255046,1499296260876,3,A
1499296288876,1499296294566,3,A
1499296322566,1499296328626,3,B
1499296356626,1499296362566,3,B
1499296390566,1499296396396,3,B
1499296424396,1499296430106,3,A
1499296458106,1499296463996,3,B
1499296491996,1499296497816,3,A
1499296525816,1499296531906,3,B
1499296559906,1499296571726,3,C
1499296599726,1499296611546,3,C
1499296639546,1499296645306,3,A
1499296673306,1499296679006,3,A
1499296707006,1499296712846,3,A
1499296740846,1499296746646,3,A
1499296774646,1499296780346,3,A
1499296808346,1499296814006,3,A
1499296842006,1499296847616,3,A
1499296875616,1499296881326,3,A
1499296909326,1499296914996,3,A
1499296942996,1499296949036,3,B
1499296977036,1499296982906,3,B
1499297010906,1499297022736,3,C
1499297050736,1499297056566,3,A
1499297084566,1499297090386,3,A
1499297118386,1499297124196,3,A
1499297152196,1499297157946,3,A
1499297185946,1499297191806,3,A
1499297219806,1499297231636,3,C
1499297259636,1499297265446,3,B
1499297293446,1499297299056,3,A
1499297327056,1499297332806,3,A
1499297360806,1499297366586,3,A
1499297394586,1499297400446,3,B
1499297428446,1499297434086,3,A
1499297462086,1499297467906,3,B
1499297495906,1499297507726,3,C
1499297535726,1499297541416,3,A
1499297569416,1499297575236,3,B
1499297603236,1499297608846,3,A
1499297636846,1499297642906,3,B
1499297670906,1499297676656,3,A
1499297704656,1499297710446,3,A
1499297738446,1499297744336,3,B
1499297772336,1499297778006,3,A
1499297806006,1499297811776,3,B
1499297839776,1499297845526,3,A
1499297873526,1499297879206,3,A
1499297907206,1499297913146,3,B
1499297941146,1499297946826,3,A
1499297974826,1499297980696,3,A
1499298008696,1499298020516,3,C
1499298048516,1499298054266,3,A
1499298082266,1499298088156,3,B
1499298116156,1499298121906,3,A
1499298149906,1499298161726,3,C
1499298189726,1499298195746,3,B
1499298223746,1499298229546,3,A
1499298257546,1499298263216,3,A
1499298291216,1499298297076,3,A
1499298325076,1499298331146,3,B
1499298359146,1499298370966,3,C
1499298398966,1499298404836,3,A
1499298432836,1499298438636,3,B
1499298466636,1499298472456,3,B
1499298500456,1499298506426,3,B
1499298534426,1499298540156,3,A
1499298568156,1499298573896,3,A
1499298601896,1499298607536,3,A
1499298635536,1499298641336,3,B
1499298669336,1499298675426,3,B
1499298703426,1499298709146,3,A
1499298737146,1499298742886,3,A
1499298770886,1499298776696,3,A
1499298804696,1499298816526,3,C
1499298844526,1499298850296,3,A
1499298878296,1499298884016,3,B
1499298912016,1499298917856,3,A
1499298945856,1499298951636,3,A
1499298979636,1499298985496,3,A
1499299013496,1499299019166,3,A
1499299047166,1499299053156,3,B
1499299081156,1499299086916,3,A
1499299114916,1499299126736,3,C
1499299154736,1499299160426,3,A
1499299188426,1499299194096,3,A
1499299222096,1499299227816,3,A
1499299255816,1499299261586,3,B
1499299289586,1499299295456,3,A
1499299323456,1499299329186,3,A
1499299357186,1499299362986,3,B
1499299390986,1499299396696,3,A
1499299424696,1499299430536,3,B
1499299458536,1499299464356,3,B
1499299492356,1499299498086,3,A
1499299526086,1499299531766,3,A
1499299559766,1499299565476,3,A
1499299593476,1499299605306,3,C
1499299633306,1499299645126,3,C
1499299673126,1499299678906,3,B
1499299706906,1499299712776,3,B
1499299740776,1499299746646,3,B
1499299774646,1499299780706,3,B
1499299808706,1499299820526,3,C
1499299848526,1499299854386,3,A
1499299882386,1499299888206,3,B
1499299916206,1499299922006,3,A
1499299950006,1499299955716,3,A
1499299983716,1499299989456,3,A
1499300017456,1499300023316,3,B
1499300051316,1499300057116,3,A
1499300085116,1499300090836,3,A
1499300118836,1499300124806,3,B
1499300152806,1499300158526,3,A
1499300186526,1499300192266,3,A
1499300220266,1499300225966,3,B
1499300253966,1499300265786,3,C
1499300293786,1499300305616,3,C
1499300333616,1499300339316,3,B
1499300367316,1499300379136,3,C
1499300407136,1499300412916,3,A
1499300440916,1499300446656,3,A
1499300474656,1499300480476,3,B
1499300508476,1499300514396,3,B
1499300542396,1499300548336,3,B
1499300576336,1499300582146,3,B
1499300610146,1499300621966,3,C
1499300649966,1499300655636,3,A
1499300683636,1499300689456,3,A
1499300717456,1499300723326,3,B
1499300751326,1499300763156,3,C
1499300791156,1499300802976,3,C
1499300830976,1499300836786,3,B
1499300864786,1499300870536,3,A
1499300898536,1499300904356,3,A
1499300932356,1499300938416,3,B
1499300966416,1499300972276,3,A
1499301000276,1499301005916,3,A
1499301033916,1499301039746,3,A
1499301067746,1499301073606,3,B
1499301101606,1499301107376,3,B
1499301135376,1499301141266,3,B
1499301169266,1499301175096,3,B
1499301203096,1499301209116,3,B
1499301237116,1499301242786,3,A
1499301270786,1499301276566,3,A
1499301304566,1499301310416,3,B
1499301338416,1499301344266,3,A
1499301372266,1499301378026,3,A
1499301406026,1499301411786,3,B
1499301439786,1499301445396,3,A
1499301473396,1499301479166,3,A
1499301507166,1499301512936,3,B
1499301540936,1499301546816,3,B
1499301574816,1499301580856,3,B
1499301608856,1499301614896,3,B
1499301642896,1499301648676,3,A
1499301676676,1499301682106,3,B
1499301710106,1499301715806,3,A
1499301743806,1499301749596,3,A
1499301777596,1499301783346,3,A
1499301811346,1499301817216,3,A
1499301845216,1499301850976,3,A
1499301878976,1499301885036,3,B
1499301913036,1499301918796,3,A
1499301946796,1499301953026,3,B
1499301981026,1499301987086,3,B
1499302015086,1499302021026,3,B
1499302049026,1499302055136,3,B
1499302083136,1499302088826,3,A
1499302116826,1499302122486,3,A
1499302150486,1499302156286,3,B
1499302184286,1499302190146,3,A
1499302218146,1499302223866,3,A
1499302251866,1499302257766,3,B
1499302285766,1499302291536,3,B
1499302319536,1499302325176,3,A
1499302353176,1499302358966,3,A
1499302386966,1499302392626,3,A
1499302420626,1499302426356,3,A
1499302454356,1499302460096,3,A
1499302488096,1499302494156,3,B
1499302522156,1499302528116,3,B
1499302556116,1499302562106,3,B
1499302590106,1499302595896,3,B
1499302623896,1499302629816,3,B
1499302657816,1499302663636,3,B
1499302691636,1499302697536,3,B
1499302725536,1499302731306,3,B
1499302759306,1499302765266,3,B
1499302793266,1499302799066,3,B
1499302827066,1499302832886,3,B
1499302860886,1499302866686,3,B
1499302894686,1499302900616,3,B
1499302928616,1499302934406,3,B
1499302962406,1499302968186,3,B
1499302996186,1499303001986,3,B
1499303029986,1499303035786,3,B
1499303063786,1499303069656,3,B
1499303097656,1499303103516,3,B
1499292816136,1499292822206,4,B
1499292850206,1499292862026,4,C
1499292890026,1499292895686,4,A
1499292923686,1499292929426,4,A
1499292957426,1499292963186,4,B
1499292991186,1499292997086,4,B
1499293025086,1499293030806,4,A
1499293058806,1499293064746,4,B
1499293092746,1499293098856,4,B
1499293126856,1499293132656,4,A
1499293160656,1499293166486,4,B
1499293194486,1499293200346,4,B
1499293228346,1499293234146,4,B
1499293262146,1499293268006,4,B
1499293296006,1499293301676,4,A
1499293329676,1499293335526,4,B
1499293363526,1499293375346,4,C
1499293403346,1499293409116,4,A
1499293437116,1499293443136,4,B
1499293471136,1499293477246,4,B
1499293505246,1499293511006,4,B
1499293539006,1499293544926,4,B
1499293572926,1499293578786,4,B
1499293606786,1499293612456,4,A
1499293640456,1499293646286,4,B
1499293674286,1499293680206,4,B
1499293708206,1499293714066,4,A
1499293742066,1499293747976,4,B
1499293775976,1499293787806,4,C
1499293815806,1499293837456,4,C
1499293865456,1499293871096,4,A
1499293899096,1499293904846,4,A
1499293932846,1499293938596,4,A
1499293966596,1499293972416,4,B
1499294000416,1499294006276,4,A
1499294034276,1499294040066,4,A
1499294068066,1499294079896,4,C
1499294107896,1499294119726,4,C
1499294147726,1499294153536,4,A
1499294181536,1499294187356,4,B
1499294215356,1499294221166,4,A
1499294249166,1499294254866,4,A
1499294282866,1499294288756,4,B
1499294316756,1499294322486,4,A
1499294350486,1499294362306,4,C
1499294390306,1499294396246,4,B
1499294424246,1499294429946,4,A
1499294457946,1499294463676,4,A
1499294491676,1499294497456,4,B
1499294525456,1499294531156,4,A
1499294559156,1499294570976,4,C
1499294598976,1499294604776,4,B
1499294632776,1499294638666,4,B
1499294666666,1499294678486,4,C
1499294706486,1499294712146,4,A
1499294740146,1499294745766,4,A
1499294773766,1499294779826,4,B
1499294807826,1499294813636,4,A
1499294841636,1499294847386,4,A
1499294875386,1499294881246,4,B
1499294909246,1499294914966,4,A
1499294942966,1499294948696,4,A
1499294976696,1499294982566,4,A
1499295010566,1499295016246,4,A
1499295044246,1499295050016,4,B
1499295078016,1499295083816,4,B
1499295111816,1499295117516,4,B
1499295145516,1499295151326,4,B
1499295179326,1499295185336,4,B
1499295213336,1499295219086,4,A
1499295247086,1499295252816,4,A
1499295280816,1499295286686,4,B
1499295314686,1499295320536,4,B
1499295348536,1499295354306,4,A
1499295382306,1499295388116,4,A
1499295416116,1499295421826,4,A
1499295449826,1499295455626,4,A
1499295483626,1499295489346,4,A
1499295517346,1499295523056,4,A
1499295551056,1499295556806,4,A
1499295584806,1499295590656,4,B
1499295618656,1499295624426,4,B
1499295652426,1499295658126,4,A
1499295686126,1499295691946,4,A
1499295719946,1499295725906,4,B
1499295753906,1499295759926,4,B
1499295787926,1499295793806,4,B
1499295821806,1499295843456,4,C
1499295871456,1499295877126,4,A
1499295905126,1499295910876,4,B
1499295938876,1499295944566,4,A
1499295972566,1499295978416,4,B
1499296006416,1499296012296,4,B
1499296040296,1499296046036,4,A
1499296074036,1499296079806,4,A
1499296107806,1499296113876,4,B
1499296141876,1499296147886,4,B
1499296175886,1499296181586,4,A
1499296209586,1499296215326,4,B
1499296243326,1499296248996,4,A
1499296276996,1499296282716,4,A
1499296310716,1499296316626,4,B
1499296344626,1499296350646,4,B
1499296378646,1499296384426,4,A
1499296412426,1499296418086,4,A
1499296446086,1499296457906,4,C
1499296485906,1499296491716,4,B
1499296519716,1499296525406,4,A
1499296553406,1499296559176,4,B
1499296587176,1499296593046,4,B
1499296621046,1499296626906,4,B
1499296654906,1499296660636,4,A
1499296688636,1499296694496,4,B
1499296722496,1499296734316,4,C
1499296762316,1499296774136,4,C
1499296802136,1499296807926,4,B
1499296835926,1499296841916,4,B
1499296869916,1499296875766,4,A
1499296903766,1499296909636,4,A
1499296937636,1499296943476,4,B
1499296971476,1499296977406,4,B
1499297005406,1499297011206,4,B
1499297039206,1499297044976,4,A
1499297072976,1499297078706,4,A
1499297106706,1499297112506,4,B
1499297140506,1499297152336,4,C
1499297180336,1499297186066,4,A
1499297214066,1499297219836,4,B
1499297247836,1499297253706,4,B
1499297281706,1499297287536,4,A
1499297315536,1499297321206,4,A
1499297349206,1499297354896,4,A
1499297382896,1499297388776,4,B
1499297416776,1499297428606,4,C
1499297456606,1499297462036,4,B
1499297490036,1499297496046,4,B
1499297524046,1499297529756,4,A
1499297557756,1499297563676,4,B
1499297591676,1499297597426,4,A
1499297625426,1499297631096,4,A
1499297659096,1499297664816,4,A
1499297692816,1499297698526,4,A
1499297726526,1499297732136,4,A
1499297760136,1499297766136,4,B
1499297794136,1499297799946,4,A
1499297827946,1499297833766,4,A
1499297861766,1499297867546,4,B
1499297895546,1499297901476,4,B
1499297929476,1499297935586,4,B
1499297963586,1499297969196,4,A
1499297997196,1499298003056,4,A
1499298031056,1499298036806,4,A
1499298064806,1499298070766,4,B
1499298098766,1499298104636,4,B
1499298132636,1499298138506,4,A
1499298166506,1499298188156,4,C
1499298216156,1499298221876,4,A
1499298249876,1499298255576,4,A
1499298283576,1499298289446,4,B
1499298317446,1499298323506,4,B
1499298351506,1499298357166,4,A
1499298385166,1499298390916,4,A
1499298418916,1499298424706,4,B
1499298452706,1499298458376,4,A
1499298486376,1499298492246,4,A
1499298520246,1499298525916,4,A
1499298553916,1499298559616,4,A
1499298587616,1499298593686,4,B
1499298621686,1499298627416,4,A
1499298655416,1499298667236,4,C
1499298695236,1499298700986,4,A
1499298728986,1499298734656,4,A
1499298762656,1499298768356,4,B
1499298796356,1499298802106,4,A
1499298830106,1499298835796,4,A
1499298863796,1499298869586,4,A
1499298897586,1499298903476,4,B
1499298931476,1499298937326,4,B
1499298965326,1499298970946,4,A
1499298998946,1499299004886,4,B
1499299032886,1499299038726,4,B
1499299066726,1499299078556,4,C
1499299106556,1499299111986,4,B
1499299139986,1499299145916,4,B
1499299173916,1499299179976,4,B
1499299207976,1499299213616,4,A
1499299241616,1499299247456,4,A
1499299275456,1499299281156,4,A
1499299309156,1499299314796,4,A
1499299342796,1499299348866,4,B
1499299376866,1499299382686,4,B
1499299410686,1499299416706,4,B
1499299444706,1499299450486,4,B
1499299478486,1499299484276,4,A
1499299512276,1499299524096,4,C
1499299552096,1499299557866,4,A
1499299585866,1499299591746,4,B
1499299619746,1499299625786,4,B
1499299653786,1499299659656,4,A
1499299687656,1499299699476,4,C
1499299727476,1499299733496,4,B
1499299761496,1499299767426,4,B
1499299795426,1499299801256,4,B
1499299829256,1499299834986,4,A
1499299862986,1499299868696,4,A
1499299896696,1499299902396,4,A
1499299930396,1499299936226,4,B
1499299964226,1499299970056,4,B
1499299998056,1499300003986,4,B
1499300031986,1499300037726,4,A
1499300065726,1499300087376,4,C
1499300115376,1499300121166,4,A
1499300149166,1499300155076,4,B
1499300183076,1499300188786,4,A
1499300216786,1499300222856,4,B
1499300250856,1499300256716,4,B
1499300284716,1499300296536,4,C
1499300324536,1499300330396,4,A
1499300358396,1499300364236,4,B
1499300392236,1499300398006,4,A
1499300426006,1499300431756,4,A
1499300459756,1499300465466,4,A
1499300493466,1499300499286,4,B
1499300527286,1499300533036,4,A
1499300561036,1499300566776,4,A
1499300594776,1499300600486,4,A
1499300628486,1499300634336,4,B
1499300662336,1499300668056,4,A
1499300696056,1499300701796,4,A
1499300729796,1499300735546,4,B
1499300763546,1499300769606,4,B
1499300797606,1499300803356,4,A
1499300831356,1499300837026,4,A
1499300865026,1499300870696,4,A
1499300898696,1499300910516,4,C
1499300938516,1499300944506,4,B
1499300972506,1499300978286,4,B
1499301006286,1499301011946,4,A
1499301039946,1499301045756,4,B
1499301073756,1499301079526,4,A
1499301107526,1499301113386,4,A
1499301141386,1499301147286,4,B
1499301175286,1499301181106,4,B
1499301209106,1499301214936,4,B
1499301242936,1499301254756,4,C
1499301282756,1499301288476,4,A
1499301316476,1499301322166,4,A
1499301350166,1499301356076,4,B
1499301384076,1499301389826,4,A
1499301417826,1499301423716,4,B
1499301451716,1499301457946,4,B
1499301485946,1499301491776,4,B
1499301519776,1499301531596,4,C
1499301559596,1499301565366,4,A
1499301593366,1499301599306,4,B
1499301627306,1499301633046,4,B
1499301661046,1499301666836,4,A
1499301694836,1499301706656,4,C
1499301734656,1499301746486,4,C
1499301774486,1499301780326,4,B
1499301808326,1499301813946,4,A
1499301841946,1499301853776,4,C
1499301881776,1499301893596,4,C
1499301921596,1499301927666,4,B
1499301955666,1499301961456,4,A
1499301989456,1499301995216,4,B
1499302023216,1499302029036,4,A
1499302057036,1499302068856,4,C
1499302096856,1499302103086,4,B
1499302131086,1499302136876,4,B
1499302164876,1499302170586,4,A
1499302198586,1499302204476,4,B
1499302232476,1499302238176,4,A
1499302266176,1499302271906,4,A
1499302299906,1499302305656,4,A
1499302333656,1499302339426,4,A
1499302367426,1499302373146,4,A
1499302401146,1499302407016,4,A
1499302435016,1499302440686,4,A
1499302468686,1499302474426,4,A
1499302502426,1499302508166,4,A
1499302536166,1499302541886,4,A
1499302569886,1499302575616,4,A
1499302603616,1499302609286,4,A
1499302637286,1499302642996,4,A
1499302670996,1499302676766,4,A
1499302704766,1499302710466,4,A
1499302738466,1499302744186,4,A
1499302772186,1499302777966,4,A
1499302805966,1499302811636,4,A
1499302839636,1499302845316,4,A
1499302873316,1499302878986,4,A
1499302906986,1499302912696,4,A
1499302940696,1499302946366,4,A
1499302974366,1499302980026,4,A
1499303008026,1499303013826,4,A
1499303041826,1499303047586,4,A
1499303075586,1499303081286,4,A
1499303109286,1499303115016,4,A
1499303143016,1499303148706,4,A
1499292816136,1499292822146,5,B
1499292850146,1499292861966,5,C
1499292889966,1499292895756,5,A
1499292923756,1499292929506,5,A
1499292957506,1499292963376,5,B
1499292991376,1499293003196,5,C
1499293031196,1499293036996,5,A
1499293064996,1499293071056,5,B
1499293099056,1499293104826,5,A
1499293132826,1499293138766,5,B
1499293166766,1499293172546,5,A
1499293200546,1499293206536,5,B
1499293234536,1499293240416,5,B
1499293268416,1499293274236,5,A
1499293302236,1499293307986,5,A
1499293335986,1499293341946,5,B
1499293369946,1499293375716,5,A
1499293403716,1499293409626,5,B
1499293437626,1499293443436,5,A
1499293471436,1499293477116,5,A
1499293505116,1499293510986,5,B
1499293538986,1499293544786,5,A
1499293572786,1499293578556,5,A
1499293606556,1499293612336,5,A
1499293640336,1499293646136,5,B
1499293674136,1499293679876,5,A
1499293707876,1499293713596,5,A
1499293741596,1499293747416,5,B
1499293775416,1499293781026,5,A
1499293809026,1499293814856,5,A
1499293842856,1499293848556,5,A
1499293876556,1499293888376,5,C
1499293916376,1499293928196,5,C
1499293956196,1499293962056,5,B
1499293990056,1499293995886,5,A
1499294023886,1499294035706,5,C
1499294063706,1499294069416,5,A
1499294097416,1499294103246,5,B
1499294131246,1499294136996,5,A
1499294164996,1499294170656,5,A
1499294198656,1499294204476,5,B
1499294232476,1499294238236,5,B
1499294266236,1499294272006,5,A
1499294300006,1499294305766,5,A
1499294333766,1499294339826,5,B
1499294367826,1499294373746,5,B
1499294401746,1499294407546,5,B
1499294435546,1499294441356,5,B
1499294469356,1499294475186,5,A
1499294503186,1499294509006,5,A
1499294537006,1499294542846,5,A
1499294570846,1499294576676,5,B
1499294604676,1499294610496,5,B
1499294638496,1499294650326,5,C
1499294678326,1499294690146,5,C
1499294718146,1499294724376,5,B
1499294752376,1499294758126,5,B
1499294786126,1499294791826,5,A
1499294819826,1499294825546,5,B
1499294853546,1499294859316,5,A
1499294887316,1499294893116,5,B
1499294921116,1499294926906,5,A
1499294954906,1499294960706,5,B
1499294988706,1499294994456,5,A
1499295022456,1499295028206,5,A
1499295056206,1499295068026,5,C
1499295096026,1499295101836,5,B
1499295129836,1499295135696,5,B
1499295163696,1499295175516,5,C
1499295203516,1499295209316,5,B
1499295237316,1499295243126,5,B
1499295271126,1499295276916,5,B
1499295304916,1499295310776,5,B
1499295338776,1499295344596,5,A
1499295372596,1499295378426,5,A
1499295406426,1499295412116,5,A
1499295440116,1499295445946,5,A
1499295473946,1499295479726,5,A
1499295507726,1499295513616,5,B
1499295541616,1499295547706,5,B
1499295575706,1499295581476,5,A
1499295609476,1499295615266,5,B
1499295643266,1499295648966,5,B
1499295676966,1499295682836,5,B
1499295710836,1499295716696,5,A
1499295744696,1499295750656,5,B
1499295778656,1499295784406,5,A
1499295812406,1499295818346,5,B
1499295846346,1499295852096,5,A
1499295880096,1499295885916,5,B
1499295913916,1499295919986,5,B
1499295947986,1499295953806,5,A
1499295981806,1499295987526,5,A
1499296015526,1499296027356,5,C
1499296055356,1499296061126,5,A
1499296089126,1499296100946,5,C
1499296128946,1499296134816,5,B
1499296162816,1499296168746,5,B
1499296196746,1499296202566,5,A
1499296230566,1499296236356,5,A
1499296264356,1499296270196,5,B
1499296298196,1499296304056,5,B
1499296332056,1499296337816,5,A
1499296365816,1499296371626,5,A
1499296399626,1499296405616,5,B
1499296433616,1499296439356,5,A
1499296467356,1499296473166,5,A
1499296501166,1499296506776,5,A
1499296534776,1499296540666,5,B
1499296568666,1499296580496,5,C
1499296608496,1499296614236,5,A
1499296642236,1499296647996,5,A
1499296675996,1499296687816,5,C
1499296715816,1499296721536,5,A
1499296749536,1499296755236,5,A
1499296783236,1499296789166,5,B
1499296817166,1499296822996,5,B
1499296850996,1499296856426,5,B
1499296884426,1499296890346,5,B
1499296918346,1499296924046,5,A
1499296952046,1499296957956,5,B
1499296985956,1499296991776,5,A
1499297019776,1499297025666,5,B
1499297053666,1499297059406,5,A
1499297087406,1499297099226,5,C
1499297127226,1499297133126,5,B
1499297161126,1499297167026,5,B
1499297195026,1499297201096,5,B
1499297229096,1499297240916,5,C
1499297268916,1499297274686,5,A
1499297302686,1499297308386,5,A
1499297336386,1499297348206,5,C
1499297376206,1499297382066,5,C
1499297410066,1499297415766,5,A
1499297443766,1499297455586,5,C
1499297483586,1499297489446,5,B
1499297517446,1499297523246,5,B
1499297551246,1499297556936,5,A
1499297584936,1499297590656,5,A
1499297618656,1499297624426,5,B
1499297652426,1499297658166,5,A
1499297686166,1499297692026,5,A
1499297720026,1499297725876,5,B
1499297753876,1499297759576,5,A
1499297787576,1499297793436,5,C
1499297821436,1499297827166,5,A
1499297855166,1499297866986,5,C
1499297894986,1499297900826,5,A
1499297928826,1499297934436,5,A
1499297962436,1499297968296,5,B
1499297996296,1499298002296,5,B
1499298030296,1499298036106,5,B
1499298064106,1499298069966,5,A
1499298097966,1499298103646,5,A
1499298131646,1499298137566,5,B
1499298165566,1499298171396,5,A
1499298199396,1499298205196,5,B
1499298233196,1499298238986,5,A
1499298266986,1499298272846,5,B
1499298300846,1499298306586,5,A
1499298334586,1499298340196,5,A
1499298368196,1499298373966,5,A
1499298401966,1499298407966,5,B
1499298435966,1499298447786,5,C
1499298475786,1499298481606,5,B
1499298509606,1499298515326,5,A
1499298543326,1499298549056,5,A
1499298577056,1499298582956,5,B
1499298610956,1499298616916,5,B
1499298644916,1499298650726,5,B
1499298678726,1499298684616,5,B
1499298712616,1499298724436,5,C
1499298752436,1499298758226,5,A
1499298786226,1499298792056,5,A
1499298820056,1499298825776,5,A
1499298853776,1499298859446,5,A
1499298887446,1499298893516,5,B
1499298921516,1499298927266,5,A
1499298955266,1499298967086,5,C
1499298995086,1499299000926,5,A
1499299028926,1499299040746,5,C
1499299068746,1499299080576,5,C
1499299108576,1499299114476,5,B
1499299142476,1499299148146,5,A
1499299176146,1499299181846,5,A
1499299209846,1499299215766,5,B
1499299243766,1499299255586,5,C
1499299283586,1499299289416,5,B
1499299317416,1499299323236,5,B
1499299351236,1499299357036,5,B
1499299385036,1499299390996,5,B
1499299418996,1499299424746,5,A
1499299452746,1499299458486,5,A
1499299486486,1499299492546,5,B
1499299520546,1499299526356,5,A
1499299554356,1499299560036,5,A
1499299588036,1499299593786,5,A
1499299621786,1499299627476,5,A
1499299655476,1499299661246,5,A
1499299689246,1499299695016,5,A
1499299723016,1499299728946,5,B
1499299756946,1499299762856,5,B
1499299790856,1499299796686,5,A
1499299824686,1499299830556,5,B
1499299858556,1499299864356,5,A
1499299892356,1499299898216,5,B
1499299926216,1499299932036,5,B
1499299960036,1499299965896,5,C
1499299993896,1499299999816,5,B
1499300027816,1499300033836,5,B
1499300061836,1499300067646,5,A
1499300095646,1499300107466,5,C
1499300135466,1499300141296,5,B
1499300169296,1499300181116,5,C
1499300209116,1499300214876,5,B
1499300242876,1499300248746,5,B
1499300276746,1499300282646,5,B
1499300310646,1499300316396,5,A
1499300344396,1499300350226,5,A
1499300378226,1499300383906,5,A
1499300411906,1499300417786,5,B
1499300445786,1499300451726,5,B
1499300479726,1499300485546,5,B
1499300513546,1499300519326,5,A
1499300547326,1499300553216,5,B
1499300581216,1499300587106,5,B
1499300615106,1499300620826,5,A
1499300648826,1499300654716,5,B
1499300682716,1499300688736,5,B
1499300716736,1499300728566,5,C
1499300756566,1499300762306,5,A
1499300790306,1499300796136,5,B
1499300824136,1499300830016,5,B
1499300858016,1499300863706,5,A
1499300891706,1499300897466,5,B
1499300925466,1499300931536,5,B
1499300959536,1499300965396,5,A
1499300993396,1499300999176,5,A
1499301027176,1499301032966,5,A
1499301060966,1499301066826,5,B
1499301094826,1499301100616,5,A
1499301128616,1499301134606,5,B
1499301162606,1499301168646,5,B
1499301196646,1499301202376,5,A
1499301230376,1499301236036,5,A
1499301264036,1499301269956,5,B
1499301297956,1499301303646,5,A
1499301331646,1499301337386,5,B
1499301365386,1499301371096,5,A
1499301399096,1499301404866,5,A
1499301432866,1499301438886,5,B
1499301466886,1499301472606,5,A
1499301500606,1499301506296,5,A
1499301534296,1499301540126,5,B
1499301568126,1499301573896,5,B
1499301601896,1499301607676,5,A
1499301635676,1499301641446,5,B
1499301669446,1499301675176,5,A
1499301703176,1499301708916,5,A
1499301736916,1499301742736,5,B
1499301770736,1499301776706,5,B
1499301804706,1499301810606,5,B
1499301838606,1499301844536,5,B
1499301872536,1499301878286,5,A
1499301906286,1499301912346,5,B
1499301940346,1499301946106,5,A
1499301974106,1499301980016,5,B
1499302008016,1499302013856,5,A
1499302041856,1499302047716,5,B
1499302075716,1499302081536,5,B
1499302109536,1499302115246,5,A
1499302143246,1499302149056,5,A
1499302177056,1499302182976,5,B
1499302210976,1499302216686,5,A
1499302244686,1499302250376,5,A
1499302278376,1499302284066,5,A
1499302312066,1499302317836,5,A
1499302345836,1499302351626,5,A
1499302379626,1499302385336,5,A
1499302413336,1499302418956,5,A
1499302446956,1499302452706,5,A
1499302480706,1499302486536,5,A
1499302514536,1499302520256,5,A
1499302548256,1499302553966,5,A
1499302581966,1499302587826,5,A
1499302615826,1499302621576,5,A
1499302649576,1499302655346,5,A
1499302683346,1499302689036,5,A
1499302717036,1499302722766,5,A
1499302750766,1499302756516,5,A
1499302784516,1499302790326,5,A
1499302818326,1499302824066,5,A
1499302852066,1499302857796,5,A
1499302885796,1499302891656,5,A
1499302919656,1499302925396,5,A
1499302953396,1499302959156,5,A
1499302987156,1499302992986,5,A
1499303020986,1499303026736,5,A
1499303054736,1499303060416,5,A
1499303088416,1499303094206,5,A
1499292816136,1499292821936,6,A
1499292849936,1499292855646,6,A
1499292883646,1499292889256,6,A
1499292917256,1499292923106,6,A
1499292951106,1499292956926,6,B
1499292984926,1499292990606,6,A
1499293018606,1499293024366,6,A
1499293052366,1499293058036,6,A
1499293086036,1499293091846,6,A
1499293119846,1499293125706,6,B
1499293153706,1499293159726,6,B
1499293187726,1499293193526,6,B
1499293221526,1499293227426,6,B
1499293255426,1499293261176,6,A
1499293289176,1499293294996,6,B
1499293322996,1499293328806,6,A
1499293356806,1499293362576,6,A
1499293390576,1499293396306,6,A
1499293424306,1499293430126,6,A
1499293458126,1499293469946,6,C
1499293497946,1499293503766,6,B
1499293531766,1499293537376,6,A
1499293565376,1499293571226,6,B
1499293599226,1499293604926,6,A
1499293632926,1499293638686,6,A
1499293666686,1499293672486,6,A
1499293700486,1499293706156,6,A
1499293734156,1499293739966,6,A
1499293767966,1499293773716,6,A
1499293801716,1499293807476,6,A
1499293835476,1499293841166,6,A
1499293869166,1499293874956,6,B
1499293902956,1499293908776,6,B
1499293936776,1499293942386,6,A
1499293970386,1499293976056,6,A
1499294004056,1499294009826,6,A
1499294037826,1499294043766,6,B
1499294071766,1499294077856,6,B
1499294105856,1499294111796,6,B
1499294139796,1499294145616,6,A
1499294173616,1499294179416,6,B
1499294207416,1499294213096,6,A
1499294241096,1499294246906,6,A
1499294274906,1499294280606,6,B
1499294308606,1499294314436,6,B
1499294342436,1499294348176,6,A
1499294376176,1499294382046,6,A
1499294410046,1499294415886,6,B
1499294443886,1499294449506,6,A
1499294477506,1499294483316,6,B
1499294511316,1499294517046,6,A
1499294545046,1499294556866,6,C
1499294584866,1499294590576,6,A
1499294618576,1499294624276,6,A
1499294652276,1499294658046,6,A
1499294686046,1499294692006,6,B
1499294720006,1499294725836,6,A
1499294753836,1499294759666,6,B
1499294787666,1499294793456,6,A
1499294821456,1499294833286,6,C
1499294861286,1499294867066,6,A
1499294895066,1499294900726,6,A
1499294928726,1499294934436,6,A
1499294962436,1499294968246,6,A
1499294996246,1499295001996,6,A
1499295029996,1499295035846,6,B
1499295063846,1499295069676,6,B
1499295097676,1499295103436,6,A
1499295131436,1499295137376,6,B
1499295165376,1499295171146,6,A
1499295199146,1499295210966,6,C
1499295238966,1499295244626,6,A
1499295272626,1499295278456,6,B
1499295306456,1499295318276,6,C
1499295346276,1499295352186,6,B
1499295380186,1499295392006,6,C
1499295420006,1499295431826,6,C
1499295459826,1499295471646,6,C
1499295499646,1499295505336,6,A
1499295533336,1499295554986,6,C
1499295582986,1499295588886,6,B
1499295616886,1499295622686,6,B
1499295650686,1499295656626,6,B
1499295684626,1499295690296,6,A
1499295718296,1499295724086,6,B
1499295752086,1499295763906,6,C
1499295791906,1499295797676,6,B
1499295825676,1499295831506,6,B
1499295859506,1499295865176,6,A
1499295893176,1499295898846,6,A
1499295926846,1499295938666,6,C
1499295966666,1499295972526,6,B
1499296000526,1499296006456,6,B
1499296034456,1499296046276,6,C
1499296074276,1499296080106,6,A
1499296108106,1499296113926,6,A
1499296141926,1499296153746,6,C
1499296181746,1499296187506,6,A
1499296215506,1499296221336,6,B
1499296249336,1499296255306,6,B
1499296283306,1499296289216,6,B
1499296317216,1499296323176,6,B
1499296351176,1499296357026,6,A
1499296385026,1499296390696,6,A
1499296418696,1499296430516,6,C
1499296458516,1499296464336,6,A
1499296492336,1499296498166,6,A
1499296526166,1499296531886,6,A
1499296559886,1499296565666,6,B
1499296593666,1499296599466,6,B
1499296627466,1499296633306,6,B
1499296661306,1499296666966,6,A
1499296694966,1499296700716,6,A
1499296728716,1499296734636,6,B
1499296762636,1499296768496,6,B
1499296796496,1499296802316,6,B
1499296830316,1499296836016,6,A
1499296864016,1499296869846,6,A
1499296897846,1499296903536,6,A
1499296931536,1499296937346,6,A
1499296965346,1499296971166,6,A
1499296999166,1499297005016,6,B
1499297033016,1499297038936,6,B
1499297066936,1499297072746,6,B
1499297100746,1499297106576,6,A
1499297134576,1499297140466,6,B
1499297168466,1499297174126,6,A
1499297202126,1499297208066,6,B
1499297236066,1499297241736,6,A
1499297269736,1499297291386,6,C
1499297319386,1499297325166,6,A
1499297353166,1499297359026,6,B
1499297387026,1499297398846,6,C
1499297426846,1499297432586,6,B
1499297460586,1499297466366,6,A
1499297494366,1499297500436,6,B
1499297528436,1499297540266,6,C
1499297568266,1499297574076,6,B
1499297602076,1499297607906,6,B
1499297635906,1499297641976,6,B
1499297669976,1499297675836,6,A
1499297703836,1499297709776,6,B
1499297737776,1499297743446,6,A
1499297771446,1499297777116,6,A
1499297805116,1499297810856,6,B
1499297838856,1499297844946,6,B
1499297872946,1499297878756,6,B
1499297906756,1499297912576,6,A
1499297940576,1499297952396,6,C
1499297980396,1499297986086,6,A
1499298014086,1499298020026,6,B
1499298048026,1499298053696,6,A
1499298081696,1499298087606,6,B
1499298115606,1499298121476,6,B
1499298149476,1499298155416,6,B
1499298183416,1499298189306,6,B
1499298217306,1499298223176,6,B
1499298251176,1499298256866,6,A
1499298284866,1499298290726,6,C
1499298318726,1499298324426,6,A
1499298352426,1499298358296,6,A
1499298386296,1499298391906,6,A
1499298419906,1499298425916,6,B
1499298453916,1499298459786,6,B
1499298487786,1499298493656,6,B
1499298521656,1499298527516,6,B
1499298555516,1499298561536,6,B
1499298589536,1499298595266,6,A
1499298623266,1499298629096,6,B
1499298657096,1499298662886,6,A
1499298690886,1499298696636,6,A
1499298724636,1499298730696,6,B
1499298758696,1499298764416,6,B
1499298792416,1499298804236,6,C
1499298832236,1499298838146,6,B
1499298866146,1499298877976,6,C
1499298905976,1499298911776,6,B
1499298939776,1499298945776,6,B
1499298973776,1499298979386,6,A
1499299007386,1499299013246,6,B
1499299041246,1499299047126,6,B
1499299075126,1499299081046,6,B
1499299109046,1499299114886,6,A
1499299142886,1499299148586,6,A
1499299176586,1499299182416,6,A
1499299210416,1499299216216,6,A
1499299244216,1499299249906,6,A
1499299277906,1499299283596,6,A
1499299311596,1499299317486,6,B
1499299345486,1499299351096,6,A
1499299379096,1499299384766,6,A
1499299412766,1499299418496,6,A
1499299446496,1499299452326,6,B
1499299480326,1499299486156,6,B
1499299514156,1499299519976,6,A
1499299547976,1499299553726,6,A
1499299581726,1499299587386,6,A
1499299615386,1499299627216,6,C
1499299655216,1499299661076,6,B
1499299689076,1499299694786,6,A
1499299722786,1499299728616,6,B
1499299756616,1499299762536,6,B
1499299790536,1499299796296,6,A
1499299824296,1499299830146,6,B
1499299858146,1499299864106,6,B
1499299892106,1499299898166,6,B
1499299926166,1499299931826,6,A
1499299959826,1499299971656,6,C
1499299999656,1499300011476,6,C
1499300039476,1499300061126,6,C
1499300089126,1499300095026,6,B
1499300123026,1499300134846,6,C
1499300162846,1499300174676,6,C
1499300202676,1499300208446,6,B
1499300236446,1499300242166,6,A
1499300270166,1499300276106,6,B
1499300304106,1499300309966,6,B
1499300337966,1499300344026,6,B
1499300372026,1499300378026,6,B
1499300406026,1499300411966,6,B
1499300439966,1499300445626,6,A
1499300473626,1499300479236,6,A
1499300507236,1499300512926,6,A
1499300540926,1499300546846,6,B
1499300574846,1499300580556,6,A
1499300608556,1499300614616,6,B
1499300642616,1499300648316,6,A
1499300676316,1499300682176,6,A
1499300710176,1499300715996,6,A
1499300743996,1499300749706,6,A
1499300777706,1499300783526,6,B
1499300811526,1499300817256,6,A
1499300845256,1499300851176,6,B
1499300879176,1499300884906,6,A
1499300912906,1499300918686,6,A
1499300946686,1499300952496,6,B
1499300980496,1499300986106,6,A
1499301014106,1499301020176,6,B
1499301048176,1499301054026,6,B
1499301082026,1499301087896,6,B
1499301115896,1499301121796,6,B
1499301149796,1499301155616,6,A
1499301183616,1499301189286,6,A
1499301217286,1499301223166,6,B
1499301251166,1499301256856,6,A
1499301284856,1499301290616,6,B
1499301318616,1499301324636,6,B
1499301352636,1499301358366,6,A
1499301386366,1499301392186,6,B
1499301420186,1499301425966,6,A
1499301453966,1499301459756,6,A
1499301487756,1499301493576,6,A
1499301521576,1499301527416,6,B
1499301555416,1499301561286,6,A
1499301589286,1499301595226,6,B
1499301623226,1499301629006,6,A
1499301657006,1499301662866,6,A
1499301690866,1499301696736,6,B
1499301724736,1499301730736,6,B
1499301758736,1499301770556,6,C
1499301798556,1499301810376,6,C
1499301838376,1499301844146,6,A
1499301872146,1499301877866,6,A
1499301905866,1499301911626,6,A
1499301939626,1499301945366,6,B
1499301973366,1499301979216,6,A
1499302007216,1499302012906,6,A
1499302040906,1499302052736,6,C
1499302080736,1499302086626,6,B
1499302114626,1499302120446,6,A
1499302148446,1499302154366,6,B
1499302182366,1499302188186,6,B
1499302216186,1499302222036,6,A
1499302250036,1499302255776,6,B
1499302283776,1499302289606,6,A
1499302317606,1499302323396,6,A
1499302351396,1499302357466,6,B
1499302385466,1499302391316,6,A
1499302419316,1499302425046,6,A
1499302453046,1499302458866,6,B
1499302486866,1499302492686,6,A
1499302520686,1499302526466,6,A
1499302554466,1499302560296,6,B
1499302588296,1499302594036,6,A
1499302622036,1499302627696,6,A
1499302655696,1499302661396,6,A
1499302689396,1499302695306,6,B
1499302723306,1499302729046,6,A
1499302757046,1499302762656,6,A
1499302790656,1499302796516,6,A
1499302824516,1499302830216,6,A
1499302858216,1499302863906,6,A
1499302891906,1499302897676,6,A
1499302925676,1499302931536,6,A
1499302959536,1499302965206,6,A
1499302993206,1499302998956,6,A
1499303026956,1499303032696,6,A
1499303060696,1499303066476,6,A
1499303094476,1499303100236,6,A
1499303128236,1499303134046,6,A
